{"mse": 0.8091620644370123, "r2": 0.19154647037856243}